id,name,email,company,city,country
1,Leanne Graham,Sincere@april.biz,Romaguera-Crona,New York,USA
2,Ervin Howell,Shanna@melissa.tv,Deckow-Crist,London,UK
3,Clementine Bauch,Nathan@yesenia.net,Romaguera-Jacobson,Paris,France
4,Patricia Lebsack,Julianne.OConner@kory.org,Robel-Corkery,Tokyo,Japan
5,Chelsey Dietrich,Lucio_Hettinger@annie.ca,Keebler LLC,Berlin,Germany
6,Mrs. Dennis Schulist,Karley_Dach@jasper.info,Considine-Lockman,Delhi,India
7,Kurtis Weissnat,Telly.Hoeger@billy.biz,Johns Group,Sydney,Australia
8,Nicholas Runolfsdottir V,Sherwood@rosamond.me,Abernathy Group,Moscow,Russia
9,Glenna Reichert,Chaim_McDermott@dana.io,Yost and Sons,Cairo,Egypt
10,Clementina DuBuque,Rey.Padberg@karina.biz,Hoeger LLC,Beijing,China
